name,path,sha,size,url,html_url,git_url,download_url,type,City,topic
WebscrapingTidyverse,WebscrapingTidyverse,f6adc80bde205532f9744dff78a57b8d797aa990,0,https://api.github.com/repos/rladies/meetup-presentations_ames/contents/WebscrapingTidyverse?ref=master,https://github.com/rladies-ames/WebscrapingTidyverse/tree/f6adc80bde205532f9744dff78a57b8d797aa990,https://api.github.com/repos/rladies-ames/WebscrapingTidyverse/git/trees/f6adc80bde205532f9744dff78a57b8d797aa990,NA,file,Ames,Web scrapping
git ladies,git ladies,ef4535617cae6b4ecea9de2f3520788e2e19d28a,0,https://api.github.com/repos/rladies/meetup-presentations_ames/contents/git-ladies?ref=master,https://github.com/rladies-ames/git-ladies/tree/ef4535617cae6b4ecea9de2f3520788e2e19d28a,https://api.github.com/repos/rladies-ames/git-ladies/git/trees/ef4535617cae6b4ecea9de2f3520788e2e19d28a,NA,file,Ames,git
magic tidying data,magic tidying data,6339454d192592036e0f49d54a3cf9b093c7e765,0,https://api.github.com/repos/rladies/meetup-presentations_ames/contents/magic-tidying-data?ref=master,https://github.com/rladies-ames/magic-tidying-data/tree/6339454d192592036e0f49d54a3cf9b093c7e765,https://api.github.com/repos/rladies-ames/magic-tidying-data/git/trees/6339454d192592036e0f49d54a3cf9b093c7e765,NA,file,Ames,tidyverse
 tidyverse  auckland, tidyverse  auckland,ffa577020fc491b8926b0e4027dfc6eab9733197,3148726,https://api.github.com/repos/rladies/meetup-presentations_auckland/contents/2017-12_tidyverse-6-auckland.pdf?ref=master,https://github.com/rladies/meetup-presentations_auckland/blob/master/2017-12_tidyverse-6-auckland.pdf,https://api.github.com/repos/rladies/meetup-presentations_auckland/git/blobs/ffa577020fc491b8926b0e4027dfc6eab9733197,https://raw.githubusercontent.com/rladies/meetup-presentations_auckland/master/2017-12_tidyverse-6-auckland.pdf,file,Auckland,tidyverse
 Dive into dplyr, Dive into dplyr,413bb3a624eee9976c57a72cebffedb2fc8c7f6e,0,https://api.github.com/repos/rladies/meetup-presentations_auckland/contents/2018-03_Dive_into_dplyr?ref=master,https://github.com/rladies/meetup-presentations_auckland/tree/master/2018-03_Dive_into_dplyr,https://api.github.com/repos/rladies/meetup-presentations_auckland/git/trees/413bb3a624eee9976c57a72cebffedb2fc8c7f6e,NA,dir,Auckland,dplyr
 creating maps, creating maps,6ac16e4a92856ca91b16f4e2ce59ec60635e1996,0,https://api.github.com/repos/rladies/meetup-presentations_auckland/contents/2018-09_creating_maps?ref=master,https://github.com/rladies/meetup-presentations_auckland/tree/master/2018-09_creating_maps,https://api.github.com/repos/rladies/meetup-presentations_auckland/git/trees/6ac16e4a92856ca91b16f4e2ce59ec60635e1996,NA,dir,Auckland,spatial
 tidyverse, tidyverse,956635bf6fc4ca2efc3131e6cdd3284473bd0b48,524,https://api.github.com/repos/rladies/meetup-presentations_baltimore/contents/20190313_tidyverse.md?ref=master,https://github.com/rladies/meetup-presentations_baltimore/blob/master/20190313_tidyverse.md,https://api.github.com/repos/rladies/meetup-presentations_baltimore/git/blobs/956635bf6fc4ca2efc3131e6cdd3284473bd0b48,https://raw.githubusercontent.com/rladies/meetup-presentations_baltimore/master/20190313_tidyverse.md,file,Baltimore,tidyverse
 rmarkdown dataviz, rmarkdown dataviz,12764d759a05987ae56b2608ac3da4ebcd642ac1,4014,https://api.github.com/repos/rladies/meetup-presentations_baltimore/contents/20190918_rmarkdown_dataviz.Rmd?ref=master,https://github.com/rladies/meetup-presentations_baltimore/blob/master/20190918_rmarkdown_dataviz.Rmd,https://api.github.com/repos/rladies/meetup-presentations_baltimore/git/blobs/12764d759a05987ae56b2608ac3da4ebcd642ac1,https://raw.githubusercontent.com/rladies/meetup-presentations_baltimore/master/20190918_rmarkdown_dataviz.Rmd,file,Baltimore,Data Vizualization
 rmarkdown slides, rmarkdown slides,b393bdfdcf12be32016ca0842d5d2e7f23fc9504,0,https://api.github.com/repos/rladies/meetup-presentations_baltimore/contents/20190918_rmarkdown_slides?ref=master,https://github.com/rladies/meetup-presentations_baltimore/tree/master/20190918_rmarkdown_slides,https://api.github.com/repos/rladies/meetup-presentations_baltimore/git/trees/b393bdfdcf12be32016ca0842d5d2e7f23fc9504,NA,dir,Baltimore,rmarkdown
 shiny, shiny,d9b1da70008e63d388e68aae90687ca7ce17913b,751,https://api.github.com/repos/rladies/meetup-presentations_baltimore/contents/20200129_shiny.md?ref=master,https://github.com/rladies/meetup-presentations_baltimore/blob/master/20200129_shiny.md,https://api.github.com/repos/rladies/meetup-presentations_baltimore/git/blobs/d9b1da70008e63d388e68aae90687ca7ce17913b,https://raw.githubusercontent.com/rladies/meetup-presentations_baltimore/master/20200129_shiny.md,file,Baltimore,shiny
 rmarkdown, rmarkdown,fad8f1ae4bf7eb20e6a09b1098413d790d6d04d5,0,https://api.github.com/repos/rladies/meetup-presentations_barcelona/contents/20170115_rmarkdown?ref=master,https://github.com/rladies/meetup-presentations_barcelona/tree/master/20170115_rmarkdown,https://api.github.com/repos/rladies/meetup-presentations_barcelona/git/trees/fad8f1ae4bf7eb20e6a09b1098413d790d6d04d5,NA,dir,Barcelona,rmarkdown
 introtodplyrtidyr, introtodplyrtidyr,e8a927f8884afba4021d874d7bebb636a5be8610,0,https://api.github.com/repos/rladies/meetup-presentations_barcelona/contents/20170320_introtodplyrtidyr?ref=master,https://github.com/rladies/meetup-presentations_barcelona/tree/master/20170320_introtodplyrtidyr,https://api.github.com/repos/rladies/meetup-presentations_barcelona/git/trees/e8a927f8884afba4021d874d7bebb636a5be8610,NA,dir,Barcelona,dplyr
 ggplot, ggplot,a5a90699e3ea438b6fa505eff0842bb4a9b54284,0,https://api.github.com/repos/rladies/meetup-presentations_barcelona/contents/20170927_ggplot2?ref=master,https://github.com/rladies/meetup-presentations_barcelona/tree/master/20170927_ggplot2,https://api.github.com/repos/rladies/meetup-presentations_barcelona/git/trees/a5a90699e3ea438b6fa505eff0842bb4a9b54284,NA,dir,Barcelona,ggplot
 introR, introR,d7c19074da7697c7dd3ea548c4d574f8449f0b70,0,https://api.github.com/repos/rladies/meetup-presentations_barcelona/contents/20190328_introR?ref=master,https://github.com/rladies/meetup-presentations_barcelona/tree/master/20190328_introR,https://api.github.com/repos/rladies/meetup-presentations_barcelona/git/trees/d7c19074da7697c7dd3ea548c4d574f8449f0b70,NA,dir,Barcelona,Intro
auguri di buon natale e modelli di felice anno nuovo  con bellissimi disegni di carta tagliati a neve e inverno  ,auguri di buon natale e modelli di felice anno nuovo  con bellissimi disegni di carta tagliati a neve e inverno  ,706d3b3f984612aa4678f838ae91a24b568fc6a6,105239,https://api.github.com/repos/rladies/meetup-presentations_bari/contents/auguri-di-buon-natale-e-modelli-di-felice-anno-nuovo-2020-con-bellissimi-disegni-di-carta-tagliati-a-neve-e-inverno_38689-537.jpg?ref=master,https://github.com/rladies/meetup-presentations_bari/blob/master/auguri-di-buon-natale-e-modelli-di-felice-anno-nuovo-2020-con-bellissimi-disegni-di-carta-tagliati-a-neve-e-inverno_38689-537.jpg,https://api.github.com/repos/rladies/meetup-presentations_bari/git/blobs/706d3b3f984612aa4678f838ae91a24b568fc6a6,https://raw.githubusercontent.com/rladies/meetup-presentations_bari/master/auguri-di-buon-natale-e-modelli-di-felice-anno-nuovo-2020-con-bellissimi-disegni-di-carta-tagliati-a-neve-e-inverno_38689-537.jpg,file,Bari,Modelling
Curso Básico   Introdução ao R,Curso Básico   Introdução ao R,6d5701a0e07f02d8b5137457b753152ffc3337c8,0,https://api.github.com/repos/rladies/meetup-presentations_belohorizonte/contents/Curso%20B%C3%A1sico%20-%20Introdu%C3%A7%C3%A3o%20ao%20R?ref=master,https://github.com/rladies/meetup-presentations_belohorizonte/tree/master/Curso%20B%C3%A1sico%20-%20Introdu%C3%A7%C3%A3o%20ao%20R,https://api.github.com/repos/rladies/meetup-presentations_belohorizonte/git/trees/6d5701a0e07f02d8b5137457b753152ffc3337c8,NA,dir,Belohorizonte,Intro
 Hands on datavis ggplot, Hands on datavis ggplot,f73ad284b738c21c79496f08d0b495d086cee4e1,0,https://api.github.com/repos/rladies/meetup-presentations_berlin/contents/2017-01_Hands_on_datavis_ggplot2?ref=master,https://github.com/rladies/meetup-presentations_berlin/tree/master/2017-01_Hands_on_datavis_ggplot2,https://api.github.com/repos/rladies/meetup-presentations_berlin/git/trees/f73ad284b738c21c79496f08d0b495d086cee4e1,NA,dir,Berlin,Data Vizualization
 DRYprogramming dplyr, DRYprogramming dplyr,cbb0606f9717eb2972920170d2ddf470847842c9,0,https://api.github.com/repos/rladies/meetup-presentations_berlin/contents/2017-05_DRYprogramming_dplyr?ref=master,https://github.com/rladies/meetup-presentations_berlin/tree/master/2017-05_DRYprogramming_dplyr,https://api.github.com/repos/rladies/meetup-presentations_berlin/git/trees/cbb0606f9717eb2972920170d2ddf470847842c9,NA,dir,Berlin,dplyr
 R meets Journocode Rmarkdown, R meets Journocode Rmarkdown,db41d71447ab39ad5e8d56fe549576e84a0d7b7e,0,https://api.github.com/repos/rladies/meetup-presentations_berlin/contents/2017-06_R_meets_Journocode_Rmarkdown?ref=master,https://github.com/rladies/meetup-presentations_berlin/tree/master/2017-06_R_meets_Journocode_Rmarkdown,https://api.github.com/repos/rladies/meetup-presentations_berlin/git/trees/db41d71447ab39ad5e8d56fe549576e84a0d7b7e,NA,dir,Berlin,rmarkdown
 ShinyDashboards, ShinyDashboards,893594a53feaf36fe9f9792ca851d2bc56ae9c61,0,https://api.github.com/repos/rladies/meetup-presentations_berlin/contents/2017-11_ShinyDashboards?ref=master,https://github.com/rladies/meetup-presentations_berlin/tree/master/2017-11_ShinyDashboards,https://api.github.com/repos/rladies/meetup-presentations_berlin/git/trees/893594a53feaf36fe9f9792ca851d2bc56ae9c61,NA,dir,Berlin,shiny
 Rprojects and Github, Rprojects and Github,0bb058c05568c5d686f598ed7de5f5e7a6e29eb8,0,https://api.github.com/repos/rladies/meetup-presentations_berlin/contents/2018-02_Rprojects-and-Github?ref=master,https://github.com/rladies/meetup-presentations_berlin/tree/master/2018-02_Rprojects-and-Github,https://api.github.com/repos/rladies/meetup-presentations_berlin/git/trees/0bb058c05568c5d686f598ed7de5f5e7a6e29eb8,NA,dir,Berlin,git
 Dive dplyr, Dive dplyr,899b206b62745fee28054d243016c0fab4dd9491,0,https://api.github.com/repos/rladies/meetup-presentations_berlin/contents/2018-07_Dive-dplyr?ref=master,https://github.com/rladies/meetup-presentations_berlin/tree/master/2018-07_Dive-dplyr,https://api.github.com/repos/rladies/meetup-presentations_berlin/git/trees/899b206b62745fee28054d243016c0fab4dd9491,NA,dir,Berlin,dplyr
 Hands on training Rpackages, Hands on training Rpackages,f018dae31bfd74558d580eabad0f8ace4f9027be,0,https://api.github.com/repos/rladies/meetup-presentations_berlin/contents/2018-11_Hands_on_training_Rpackages?ref=master,https://github.com/rladies/meetup-presentations_berlin/tree/master/2018-11_Hands_on_training_Rpackages,https://api.github.com/repos/rladies/meetup-presentations_berlin/git/trees/f018dae31bfd74558d580eabad0f8ace4f9027be,NA,dir,Berlin,Package
 Hands on Textmining with Alison, Hands on Textmining with Alison,d6125735ff2fb02eebc8f8b24384c9d32102cd9b,0,https://api.github.com/repos/rladies/meetup-presentations_berlin/contents/2019-03_Hands-on_Textmining_with_Alison?ref=master,https://github.com/rladies/meetup-presentations_berlin/tree/master/2019-03_Hands-on_Textmining_with_Alison,https://api.github.com/repos/rladies/meetup-presentations_berlin/git/trees/d6125735ff2fb02eebc8f8b24384c9d32102cd9b,NA,dir,Berlin,data mining
 Hands on blogdown How to create your first blog, Hands on blogdown How to create your first blog,95187c13e4fa369e0ff0f267e00a0854f6e03e70,0,https://api.github.com/repos/rladies/meetup-presentations_berlin/contents/2019-05_Hands-on_blogdown_How_to_create_your_first_blog?ref=master,https://github.com/rladies/meetup-presentations_berlin/tree/master/2019-05_Hands-on_blogdown_How_to_create_your_first_blog,https://api.github.com/repos/rladies/meetup-presentations_berlin/git/trees/95187c13e4fa369e0ff0f267e00a0854f6e03e70,NA,dir,Berlin,blogdown
Installing R and RStudio,Installing R and RStudio,4583725caa888bf9678a67940d8c9d5f287febbb,106220,https://api.github.com/repos/rladies/meetup-presentations_berlin/contents/Installing_R_and_RStudio.pdf?ref=master,https://github.com/rladies/meetup-presentations_berlin/blob/master/Installing_R_and_RStudio.pdf,https://api.github.com/repos/rladies/meetup-presentations_berlin/git/blobs/4583725caa888bf9678a67940d8c9d5f287febbb,https://raw.githubusercontent.com/rladies/meetup-presentations_berlin/master/Installing_R_and_RStudio.pdf,file,Berlin,RStudio
Boston  tidyeval ppt,Boston  tidyeval ppt,62ad3a7087acaeb2a5b53ac33b142fcf8408b29c,409106,https://api.github.com/repos/rladies/meetup-presentations_boston/contents/Boston_20170817_tidyeval_ppt.pdf?ref=master,https://github.com/rladies/meetup-presentations_boston/blob/master/Boston_20170817_tidyeval_ppt.pdf,https://api.github.com/repos/rladies/meetup-presentations_boston/git/blobs/62ad3a7087acaeb2a5b53ac33b142fcf8408b29c,https://raw.githubusercontent.com/rladies/meetup-presentations_boston/master/Boston_20170817_tidyeval_ppt.pdf,file,Boston,tidyverse
git and github ,git and github ,9c43fa0578c001385f349b57167a70d80c03d90e,705797,https://api.github.com/repos/rladies/meetup-presentations_boston/contents/git_and_github_20181023.pdf?ref=master,https://github.com/rladies/meetup-presentations_boston/blob/master/git_and_github_20181023.pdf,https://api.github.com/repos/rladies/meetup-presentations_boston/git/blobs/9c43fa0578c001385f349b57167a70d80c03d90e,https://raw.githubusercontent.com/rladies/meetup-presentations_boston/master/git_and_github_20181023.pdf,file,Boston,git
tidyr ggplot short,tidyr ggplot short,4da7ce74a1b5f6ea831b9daff2d4219d72ec2ccd,469498,https://api.github.com/repos/rladies/meetup-presentations_boston/contents/tidyr_ggplot2_short.pdf?ref=master,https://github.com/rladies/meetup-presentations_boston/blob/master/tidyr_ggplot2_short.pdf,https://api.github.com/repos/rladies/meetup-presentations_boston/git/blobs/4da7ce74a1b5f6ea831b9daff2d4219d72ec2ccd,https://raw.githubusercontent.com/rladies/meetup-presentations_boston/master/tidyr_ggplot2_short.pdf,file,Boston,tidyverse
 Building Shiny apps Dec, Building Shiny apps Dec,925419e60abf99630ba617a1980050c4965999e8,0,https://api.github.com/repos/rladies/meetup-presentations_brussels/contents/01_Building_Shiny_apps_Dec17?ref=master,https://github.com/rladies/meetup-presentations_brussels/tree/master/01_Building_Shiny_apps_Dec17,https://api.github.com/repos/rladies/meetup-presentations_brussels/git/trees/925419e60abf99630ba617a1980050c4965999e8,NA,dir,Brussels,shiny
 API Webscraping Workshop Sep, API Webscraping Workshop Sep,185bbccd4f9477403631c23b2fc58db7446d8257,0,https://api.github.com/repos/rladies/meetup-presentations_brussels/contents/06_API_Webscraping_Workshop_Sep18?ref=master,https://github.com/rladies/meetup-presentations_brussels/tree/master/06_API_Webscraping_Workshop_Sep18,https://api.github.com/repos/rladies/meetup-presentations_brussels/git/trees/185bbccd4f9477403631c23b2fc58db7446d8257,NA,dir,Brussels,Web scrapping
    Cuarto evento   Intro a Shiny,    Cuarto evento   Intro a Shiny,b610ab2e2039a5ff6d2e52d551da76e94517b48c,0,https://api.github.com/repos/rladies/meetup-presentations_buenosaires/contents/2017-08-05%20-%20Cuarto%20evento%20-%20Intro%20a%20Shiny?ref=master,https://github.com/rladies/meetup-presentations_buenosaires/tree/master/2017-08-05%20-%20Cuarto%20evento%20-%20Intro%20a%20Shiny,https://api.github.com/repos/rladies/meetup-presentations_buenosaires/git/trees/b610ab2e2039a5ff6d2e52d551da76e94517b48c,NA,dir,Buenosaires,shiny
    Quinto evento   Taller de Shiny,    Quinto evento   Taller de Shiny,225b0656565451b8a2c66df36b947536d4bba321,0,https://api.github.com/repos/rladies/meetup-presentations_buenosaires/contents/2017-09-30%20-%20Quinto%20evento%20-%20Taller%20de%20Shiny?ref=master,https://github.com/rladies/meetup-presentations_buenosaires/tree/master/2017-09-30%20-%20Quinto%20evento%20-%20Taller%20de%20Shiny,https://api.github.com/repos/rladies/meetup-presentations_buenosaires/git/trees/225b0656565451b8a2c66df36b947536d4bba321,NA,dir,Buenosaires,shiny
  webscrapping y datos meteorologicos,  webscrapping y datos meteorologicos,e4b6f1c6a00307d1764c32bc7c80bd39461a3f1e,0,https://api.github.com/repos/rladies/meetup-presentations_buenosaires/contents/2019-06-15-webscrapping-y-datos-meteorologicos?ref=master,https://github.com/rladies/meetup-presentations_buenosaires/tree/master/2019-06-15-webscrapping-y-datos-meteorologicos,https://api.github.com/repos/rladies/meetup-presentations_buenosaires/git/trees/e4b6f1c6a00307d1764c32bc7c80bd39461a3f1e,NA,dir,Buenosaires,Web scrapping
  Git Rstudio,  Git Rstudio,d93d9a9c715f7de0c7e7c5741f0fd6e769fb9c64,0,https://api.github.com/repos/rladies/meetup-presentations_buenosaires/contents/2019-09-14-Git_Rstudio?ref=master,https://github.com/rladies/meetup-presentations_buenosaires/tree/master/2019-09-14-Git_Rstudio,https://api.github.com/repos/rladies/meetup-presentations_buenosaires/git/trees/d93d9a9c715f7de0c7e7c5741f0fd6e769fb9c64,NA,dir,Buenosaires,git
  MapsWithggmap,  MapsWithggmap,304aad97bd38421a6c1a4510d6feeb7f3260a5ee,0,https://api.github.com/repos/rladies/meetup-presentations_capetown/contents/2018-07-26_MapsWithggmap?ref=master,https://github.com/rladies/meetup-presentations_capetown/tree/master/2018-07-26_MapsWithggmap,https://api.github.com/repos/rladies/meetup-presentations_capetown/git/trees/304aad97bd38421a6c1a4510d6feeb7f3260a5ee,NA,dir,Capetown,spatial
  Manipulating data wth dplyr,  Manipulating data wth dplyr,7705a9cd1a781803d5f9b7b43ff173b766cdb10a,16398,https://api.github.com/repos/rladies/meetup-presentations_charlottesville/contents/2017-12-05%20Manipulating%20data%20wth%20dplyr.Rmd?ref=master,https://github.com/rladies/meetup-presentations_charlottesville/blob/master/2017-12-05%20Manipulating%20data%20wth%20dplyr.Rmd,https://api.github.com/repos/rladies/meetup-presentations_charlottesville/git/blobs/7705a9cd1a781803d5f9b7b43ff173b766cdb10a,https://raw.githubusercontent.com/rladies/meetup-presentations_charlottesville/master/2017-12-05%20Manipulating%20data%20wth%20dplyr.Rmd,file,Charlottesville,dplyr
  Git and Github with R,  Git and Github with R,b16d8be6d8a9a5cf1e99052c76c2de65308bf939,10872537,https://api.github.com/repos/rladies/meetup-presentations_charlottesville/contents/2018-05-01%20Git%20and%20Github%20with%20R.pptx?ref=master,https://github.com/rladies/meetup-presentations_charlottesville/blob/master/2018-05-01%20Git%20and%20Github%20with%20R.pptx,https://api.github.com/repos/rladies/meetup-presentations_charlottesville/git/blobs/b16d8be6d8a9a5cf1e99052c76c2de65308bf939,https://raw.githubusercontent.com/rladies/meetup-presentations_charlottesville/master/2018-05-01%20Git%20and%20Github%20with%20R.pptx,file,Charlottesville,git
  R Tutorial RMarkdown Tidyverse (),  R Tutorial RMarkdown Tidyverse (),247e69b5ebe1ac424ad5749c5d9a2b4ae86fe9d8,4364289,https://api.github.com/repos/rladies/meetup-presentations_charlottesville/contents/2019-08-27-R_Tutorial_RMarkdown_Tidyverse%20(3).pptx?ref=master,https://github.com/rladies/meetup-presentations_charlottesville/blob/master/2019-08-27-R_Tutorial_RMarkdown_Tidyverse%20(3).pptx,https://api.github.com/repos/rladies/meetup-presentations_charlottesville/git/blobs/247e69b5ebe1ac424ad5749c5d9a2b4ae86fe9d8,https://raw.githubusercontent.com/rladies/meetup-presentations_charlottesville/master/2019-08-27-R_Tutorial_RMarkdown_Tidyverse%20(3).pptx,file,Charlottesville,tidyverse
  IntroTidyverse,  IntroTidyverse,f6f35ca41cf323d25c1b83590cc08cd8c916939e,20039,https://api.github.com/repos/rladies/meetup-presentations_charlottesville/contents/2019-08-27_IntroTidyverse.R?ref=master,https://github.com/rladies/meetup-presentations_charlottesville/blob/master/2019-08-27_IntroTidyverse.R,https://api.github.com/repos/rladies/meetup-presentations_charlottesville/git/blobs/f6f35ca41cf323d25c1b83590cc08cd8c916939e,https://raw.githubusercontent.com/rladies/meetup-presentations_charlottesville/master/2019-08-27_IntroTidyverse.R,file,Charlottesville,tidyverse
 rstudioconf, rstudioconf,3c4e6d3a4ed50fb07ec49c7f2e8aa53e8c666559,0,https://api.github.com/repos/rladies/meetup-presentations_columbus/contents/20190222_rstudioconf2019?ref=master,https://github.com/rladies/meetup-presentations_columbus/tree/master/20190222_rstudioconf2019,https://api.github.com/repos/rladies/meetup-presentations_columbus/git/trees/3c4e6d3a4ed50fb07ec49c7f2e8aa53e8c666559,NA,dir,Columbus,RStudio
 ggplotVol, ggplotVol,f3c11044d0763c9ea61f97f4318e207f06ec35e4,0,https://api.github.com/repos/rladies/meetup-presentations_columbus/contents/20190314_ggplot2Vol2?ref=master,https://github.com/rladies/meetup-presentations_columbus/tree/master/20190314_ggplot2Vol2,https://api.github.com/repos/rladies/meetup-presentations_columbus/git/trees/f3c11044d0763c9ea61f97f4318e207f06ec35e4,NA,dir,Columbus,ggplot
R Ladies taller introduccion,R Ladies taller introduccion,dde13cad48a895718184a60f85b7ef4a55ed337a,1041841,https://api.github.com/repos/rladies/meetup-presentations_cordoba/contents/R-Ladies_taller_introduccion.pdf?ref=master,https://github.com/rladies/meetup-presentations_cordoba/blob/master/R-Ladies_taller_introduccion.pdf,https://api.github.com/repos/rladies/meetup-presentations_cordoba/git/blobs/dde13cad48a895718184a60f85b7ef4a55ed337a,https://raw.githubusercontent.com/rladies/meetup-presentations_cordoba/master/R-Ladies_taller_introduccion.pdf,file,Cordoba,Intro
taller intro R,taller intro R,93cd1ee6444b34a1d00d2ac800a66d306d7f5715,2539,https://api.github.com/repos/rladies/meetup-presentations_cordoba/contents/taller%20intro%20R.R?ref=master,https://github.com/rladies/meetup-presentations_cordoba/blob/master/taller%20intro%20R.R,https://api.github.com/repos/rladies/meetup-presentations_cordoba/git/blobs/93cd1ee6444b34a1d00d2ac800a66d306d7f5715,https://raw.githubusercontent.com/rladies/meetup-presentations_cordoba/master/taller%20intro%20R.R,file,Cordoba,Intro
visualizacion de datos con ggplot,visualizacion de datos con ggplot,07ffdde674991f4b1642d9df0d95d2608d93ac9e,0,https://api.github.com/repos/rladies/meetup-presentations_cordoba/contents/visualizacion%20de%20datos%20con%20ggplot2?ref=master,https://github.com/rladies/meetup-presentations_cordoba/tree/master/visualizacion%20de%20datos%20con%20ggplot2,https://api.github.com/repos/rladies/meetup-presentations_cordoba/git/trees/07ffdde674991f4b1642d9df0d95d2608d93ac9e,NA,dir,Cordoba,Data Vizualization
GitHub Workshop ,GitHub Workshop ,d1467a64e17338e03d83a319f396815f55d36c4a,0,https://api.github.com/repos/rladies/meetup-presentations_dc/contents/GitHub-Workshop-2018?ref=master,https://github.com/rladies/meetup-presentations_dc/tree/master/GitHub-Workshop-2018,https://api.github.com/repos/rladies/meetup-presentations_dc/git/trees/d1467a64e17338e03d83a319f396815f55d36c4a,NA,dir,DC,git
RiseAndShiny,RiseAndShiny,2385ee431674bfc2d1493a1b58550ed32b1d58b3,0,https://api.github.com/repos/rladies/meetup-presentations_dc/contents/RiseAndShiny?ref=master,https://github.com/rladies/meetup-presentations_dc/tree/master/RiseAndShiny,https://api.github.com/repos/rladies/meetup-presentations_dc/git/trees/2385ee431674bfc2d1493a1b58550ed32b1d58b3,NA,dir,DC,shiny
  meetup introduction tidyverse,  meetup introduction tidyverse,8a983e3ec424df7d7f1138e3d0f1831363eedf1d,0,https://api.github.com/repos/rladies/meetup-presentations_frankfurt/contents/2019-05-23_meetup02_introduction-tidyverse?ref=master,https://github.com/rladies/meetup-presentations_frankfurt/tree/master/2019-05-23_meetup02_introduction-tidyverse,https://api.github.com/repos/rladies/meetup-presentations_frankfurt/git/trees/8a983e3ec424df7d7f1138e3d0f1831363eedf1d,NA,dir,Frankfurt,tidyverse
  meetup data visualization ggplot,  meetup data visualization ggplot,39114fdb211cb1f610235689ab3dccbbff677d6c,0,https://api.github.com/repos/rladies/meetup-presentations_frankfurt/contents/2019-06-19_meetup03_data-visualization-ggplot2?ref=master,https://github.com/rladies/meetup-presentations_frankfurt/tree/master/2019-06-19_meetup03_data-visualization-ggplot2,https://api.github.com/repos/rladies/meetup-presentations_frankfurt/git/trees/39114fdb211cb1f610235689ab3dccbbff677d6c,NA,dir,Frankfurt,ggplot
  meetup git github gitkraken,  meetup git github gitkraken,1c07b1370798389ccfaa6b45dd27e4e3c8ae9f06,0,https://api.github.com/repos/rladies/meetup-presentations_frankfurt/contents/2019-09-12_meetup06_git-github-gitkraken?ref=master,https://github.com/rladies/meetup-presentations_frankfurt/tree/master/2019-09-12_meetup06_git-github-gitkraken,https://api.github.com/repos/rladies/meetup-presentations_frankfurt/git/trees/1c07b1370798389ccfaa6b45dd27e4e3c8ae9f06,NA,dir,Frankfurt,git
  Data tranformation and introduction to tidyverse,  Data tranformation and introduction to tidyverse,1ff9924d26f0f6cc4e2f7b1c56616acf666d113e,0,https://api.github.com/repos/rladies/meetup-presentations_freiburg/contents/2019-06-%20Data%20tranformation%20and%20introduction%20to%20tidyverse?ref=master,https://github.com/rladies/meetup-presentations_freiburg/tree/master/2019-06-%20Data%20tranformation%20and%20introduction%20to%20tidyverse,https://api.github.com/repos/rladies/meetup-presentations_freiburg/git/trees/1ff9924d26f0f6cc4e2f7b1c56616acf666d113e,NA,dir,Freiburg,tidyverse
 Modelling    Machine learning, Modelling    Machine learning,d506db33ee91873b0f4f57a99e88e69443403353,0,https://api.github.com/repos/rladies/meetup-presentations_freiburg/contents/2019-12-Modelling%203%20-%20Machine%20learning?ref=master,https://github.com/rladies/meetup-presentations_freiburg/tree/master/2019-12-Modelling%203%20-%20Machine%20learning,https://api.github.com/repos/rladies/meetup-presentations_freiburg/git/trees/d506db33ee91873b0f4f57a99e88e69443403353,NA,dir,Freiburg,Machine learning
ggplot,ggplot,633548f6aaf57557c13da5a78dd63ed6c38702b9,51,https://api.github.com/repos/rladies/meetup-presentations_helsinki/contents/ggplot2?ref=master,https://github.com/rladies/meetup-presentations_helsinki/blob/master/ggplot2,https://api.github.com/repos/rladies/meetup-presentations_helsinki/git/blobs/633548f6aaf57557c13da5a78dd63ed6c38702b9,https://raw.githubusercontent.com/rladies/meetup-presentations_helsinki/master/ggplot2,file,Helsinki,ggplot
  Happy Shiny New Year,  Happy Shiny New Year,a346926e34c04603d045edbcf25a727cd0226655,0,https://api.github.com/repos/rladies/meetup-presentations_irvine/contents/2019-01-30_Happy-Shiny-New-Year?ref=master,https://github.com/rladies/meetup-presentations_irvine/tree/master/2019-01-30_Happy-Shiny-New-Year,https://api.github.com/repos/rladies/meetup-presentations_irvine/git/trees/a346926e34c04603d045edbcf25a727cd0226655,NA,dir,Irvine,shiny
R LadiesIrvine ggplot ,R LadiesIrvine ggplot ,7148f16e3c7b49772b9cded541d5e633e2241f67,0,https://api.github.com/repos/rladies/meetup-presentations_irvine/contents/R-LadiesIrvine_ggplot2_06272018?ref=master,https://github.com/rladies/meetup-presentations_irvine/tree/master/R-LadiesIrvine_ggplot2_06272018,https://api.github.com/repos/rladies/meetup-presentations_irvine/git/trees/7148f16e3c7b49772b9cded541d5e633e2241f67,NA,dir,Irvine,ggplot
R LadiesIrvine ggplot rmarkdown ,R LadiesIrvine ggplot rmarkdown ,6ddf46923591551716ba5a233bea7e38db3f782c,0,https://api.github.com/repos/rladies/meetup-presentations_irvine/contents/R-LadiesIrvine_ggplot2_rmarkdown_11142018?ref=master,https://github.com/rladies/meetup-presentations_irvine/tree/master/R-LadiesIrvine_ggplot2_rmarkdown_11142018,https://api.github.com/repos/rladies/meetup-presentations_irvine/git/trees/6ddf46923591551716ba5a233bea7e38db3f782c,NA,dir,Irvine,rmarkdown
introtoStats,introtoStats,5cf16b759bfae5d1038749256242f17f2b18ce74,3471423,https://api.github.com/repos/rladies/meetup-presentations_istanbul/contents/20170930introtoStats.pptx?ref=master,https://github.com/rladies/meetup-presentations_istanbul/blob/master/20170930introtoStats.pptx,https://api.github.com/repos/rladies/meetup-presentations_istanbul/git/blobs/5cf16b759bfae5d1038749256242f17f2b18ce74,https://raw.githubusercontent.com/rladies/meetup-presentations_istanbul/master/20170930introtoStats.pptx,file,Istanbul,Intro
 UI Shiny.zip, UI Shiny.zip,63c71066db7b5236b4ee9320986a47fd572d49bb,11417,https://api.github.com/repos/rladies/meetup-presentations_istanbul/contents/20180106_UI_Shiny.zip?ref=master,https://github.com/rladies/meetup-presentations_istanbul/blob/master/20180106_UI_Shiny.zip,https://api.github.com/repos/rladies/meetup-presentations_istanbul/git/blobs/63c71066db7b5236b4ee9320986a47fd572d49bb,https://raw.githubusercontent.com/rladies/meetup-presentations_istanbul/master/20180106_UI_Shiny.zip,file,Istanbul,shiny
 ggplot, ggplot,3a50eaf33f4056d4e454941a9ae710cb59611ff1,2073,https://api.github.com/repos/rladies/meetup-presentations_istanbul/contents/20181222_ggplot2.R?ref=master,https://github.com/rladies/meetup-presentations_istanbul/blob/master/20181222_ggplot2.R,https://api.github.com/repos/rladies/meetup-presentations_istanbul/git/blobs/3a50eaf33f4056d4e454941a9ae710cb59611ff1,https://raw.githubusercontent.com/rladies/meetup-presentations_istanbul/master/20181222_ggplot2.R,file,Istanbul,ggplot
 ggplot, ggplot,d094d1ac35d7409432e174c71c4a0e57f775e354,5625,https://api.github.com/repos/rladies/meetup-presentations_istanbul/contents/20181222_ggplot2.Rmd?ref=master,https://github.com/rladies/meetup-presentations_istanbul/blob/master/20181222_ggplot2.Rmd,https://api.github.com/repos/rladies/meetup-presentations_istanbul/git/blobs/d094d1ac35d7409432e174c71c4a0e57f775e354,https://raw.githubusercontent.com/rladies/meetup-presentations_istanbul/master/20181222_ggplot2.Rmd,file,Istanbul,ggplot
 TemelRveTidyverse.zip, TemelRveTidyverse.zip,c3beaa5853e97f58f2dfd9b46ac01cb301d95ca0,608685,https://api.github.com/repos/rladies/meetup-presentations_istanbul/contents/20191012_TemelRveTidyverse.zip?ref=master,https://github.com/rladies/meetup-presentations_istanbul/blob/master/20191012_TemelRveTidyverse.zip,https://api.github.com/repos/rladies/meetup-presentations_istanbul/git/blobs/c3beaa5853e97f58f2dfd9b46ac01cb301d95ca0,https://raw.githubusercontent.com/rladies/meetup-presentations_istanbul/master/20191012_TemelRveTidyverse.zip,file,Istanbul,tidyverse
 ShinyWorkshop.zip, ShinyWorkshop.zip,204cd4d4ca7e15eb70b66b83441fd8b2776dfe79,5068734,https://api.github.com/repos/rladies/meetup-presentations_istanbul/contents/20200223_ShinyWorkshop.zip?ref=master,https://github.com/rladies/meetup-presentations_istanbul/blob/master/20200223_ShinyWorkshop.zip,https://api.github.com/repos/rladies/meetup-presentations_istanbul/git/blobs/204cd4d4ca7e15eb70b66b83441fd8b2776dfe79,https://raw.githubusercontent.com/rladies/meetup-presentations_istanbul/master/20200223_ShinyWorkshop.zip,file,Istanbul,shiny
 Shiny Workshop images.zip, Shiny Workshop images.zip,8f6044528a070fc2374dd4d4b6676a82a1b0e381,1655236,https://api.github.com/repos/rladies/meetup-presentations_istanbul/contents/20200223_Shiny_Workshop_images.zip?ref=master,https://github.com/rladies/meetup-presentations_istanbul/blob/master/20200223_Shiny_Workshop_images.zip,https://api.github.com/repos/rladies/meetup-presentations_istanbul/git/blobs/8f6044528a070fc2374dd4d4b6676a82a1b0e381,https://raw.githubusercontent.com/rladies/meetup-presentations_istanbul/master/20200223_Shiny_Workshop_images.zip,file,Istanbul,shiny
  rmarkdown,  rmarkdown,f20fd277710f1f60f4b7b9363515e091e459cbec,0,https://api.github.com/repos/rladies/meetup-presentations_la/contents/2017-02-18-rmarkdown?ref=master,https://github.com/rladies/meetup-presentations_la/tree/master/2017-02-18-rmarkdown,https://api.github.com/repos/rladies/meetup-presentations_la/git/trees/f20fd277710f1f60f4b7b9363515e091e459cbec,NA,dir,LA,rmarkdown
  ggplot,  ggplot,a058badc95f5f2b284639dab8370bc03b3add8fb,0,https://api.github.com/repos/rladies/meetup-presentations_la/contents/2017-04-16-ggplot2?ref=master,https://github.com/rladies/meetup-presentations_la/tree/master/2017-04-16-ggplot2,https://api.github.com/repos/rladies/meetup-presentations_la/git/trees/a058badc95f5f2b284639dab8370bc03b3add8fb,NA,dir,LA,ggplot
  purrr,  purrr,d1aedd8183e694e9e96b9bfdded6fbf704ab5bf4,0,https://api.github.com/repos/rladies/meetup-presentations_la/contents/2018-04-28-purrr?ref=master,https://github.com/rladies/meetup-presentations_la/tree/master/2018-04-28-purrr,https://api.github.com/repos/rladies/meetup-presentations_la/git/trees/d1aedd8183e694e9e96b9bfdded6fbf704ab5bf4,NA,dir,LA,purrr
  tidy data,  tidy data,a787cdbac64b9b8eb32168c70c33475a422e36e2,0,https://api.github.com/repos/rladies/meetup-presentations_lancaster/contents/2019-09-04-tidy-data?ref=master,https://github.com/rladies/meetup-presentations_lancaster/tree/master/2019-09-04-tidy-data,https://api.github.com/repos/rladies/meetup-presentations_lancaster/git/trees/a787cdbac64b9b8eb32168c70c33475a422e36e2,NA,dir,Lancaster,tidyverse
  rmarkdown,  rmarkdown,676e798d1afe7db22be9b0cc4a33b05357b26e17,0,https://api.github.com/repos/rladies/meetup-presentations_lancaster/contents/2020-02-05-rmarkdown?ref=master,https://github.com/rladies/meetup-presentations_lancaster/tree/master/2020-02-05-rmarkdown,https://api.github.com/repos/rladies/meetup-presentations_lancaster/git/trees/676e798d1afe7db22be9b0cc4a33b05357b26e17,NA,dir,Lancaster,rmarkdown
 shiny, shiny,5f06e9125d9d5738da2a0a5a3ecc22cf40be3ff7,0,https://api.github.com/repos/rladies/meetup-presentations_lausanne/contents/20180314_shiny?ref=master,https://github.com/rladies/meetup-presentations_lausanne/tree/master/20180314_shiny,https://api.github.com/repos/rladies/meetup-presentations_lausanne/git/trees/5f06e9125d9d5738da2a0a5a3ecc22cf40be3ff7,NA,dir,Lausanne,shiny
 rmarkdown, rmarkdown,edf998459cc3f4c3ad300063d0ac9f6e3dcd7551,0,https://api.github.com/repos/rladies/meetup-presentations_lausanne/contents/20181017_rmarkdown?ref=master,https://github.com/rladies/meetup-presentations_lausanne/tree/master/20181017_rmarkdown,https://api.github.com/repos/rladies/meetup-presentations_lausanne/git/trees/edf998459cc3f4c3ad300063d0ac9f6e3dcd7551,NA,dir,Lausanne,rmarkdown
 tidyverse, tidyverse,a19a5f7564ecdf27ecfca85446a7aefae7817d93,0,https://api.github.com/repos/rladies/meetup-presentations_lausanne/contents/20191203_tidyverse?ref=master,https://github.com/rladies/meetup-presentations_lausanne/tree/master/20191203_tidyverse,https://api.github.com/repos/rladies/meetup-presentations_lausanne/git/trees/a19a5f7564ecdf27ecfca85446a7aefae7817d93,NA,dir,Lausanne,tidyverse
 Novice Workshop, Novice Workshop,cbc8d8340b0bbb64e7a198ea913ab2bbe22af2df,0,https://api.github.com/repos/rladies/meetup-presentations_london/contents/2016-03_Novice_Workshop?ref=master,https://github.com/rladies/meetup-presentations_london/tree/master/2016-03_Novice_Workshop,https://api.github.com/repos/rladies/meetup-presentations_london/git/trees/cbc8d8340b0bbb64e7a198ea913ab2bbe22af2df,NA,dir,London,Intro
 Shiny, Shiny,3b948f016d46705ddb5e85d218b72b49b2db8642,0,https://api.github.com/repos/rladies/meetup-presentations_london/contents/2016-09_Shiny?ref=master,https://github.com/rladies/meetup-presentations_london/tree/master/2016-09_Shiny,https://api.github.com/repos/rladies/meetup-presentations_london/git/trees/3b948f016d46705ddb5e85d218b72b49b2db8642,NA,dir,London,shiny
  Make your own blog,  Make your own blog,0ee50068a9f38e19f785999bdad322a858acc60a,0,https://api.github.com/repos/rladies/meetup-presentations_london/contents/2017-04-26_Make_your_own_blog?ref=master,https://github.com/rladies/meetup-presentations_london/tree/master/2017-04-26_Make_your_own_blog,https://api.github.com/repos/rladies/meetup-presentations_london/git/trees/0ee50068a9f38e19f785999bdad322a858acc60a,NA,dir,London,blogdown
  R from scratch,  R from scratch,a396c8b023e9bd5f1ddb6e1ce0e15105900fb0a6,0,https://api.github.com/repos/rladies/meetup-presentations_london/contents/2017-10-19_R_from_scratch?ref=master,https://github.com/rladies/meetup-presentations_london/tree/master/2017-10-19_R_from_scratch,https://api.github.com/repos/rladies/meetup-presentations_london/git/trees/a396c8b023e9bd5f1ddb6e1ce0e15105900fb0a6,NA,dir,London,Intro
  R from scratch,  R from scratch,75def9c3df368d992305b670625284ed302417e4,0,https://api.github.com/repos/rladies/meetup-presentations_london/contents/2018-02-21-R_from_scratch?ref=master,https://github.com/rladies/meetup-presentations_london/tree/master/2018-02-21-R_from_scratch,https://api.github.com/repos/rladies/meetup-presentations_london/git/trees/75def9c3df368d992305b670625284ed302417e4,NA,dir,London,Intro
 Dive into dplyr, Dive into dplyr,413bb3a624eee9976c57a72cebffedb2fc8c7f6e,0,https://api.github.com/repos/rladies/meetup-presentations_london/contents/2018-03_Dive_into_dplyr?ref=master,https://github.com/rladies/meetup-presentations_london/tree/master/2018-03_Dive_into_dplyr,https://api.github.com/repos/rladies/meetup-presentations_london/git/trees/413bb3a624eee9976c57a72cebffedb2fc8c7f6e,NA,dir,London,dplyr
 Shiny Dashboard Workshop, Shiny Dashboard Workshop,4b17e1e9a96d2fa3364310ea7faa68eb5ae1dac4,0,https://api.github.com/repos/rladies/meetup-presentations_london/contents/2018-07_Shiny_Dashboard_Workshop?ref=master,https://github.com/rladies/meetup-presentations_london/tree/master/2018-07_Shiny_Dashboard_Workshop,https://api.github.com/repos/rladies/meetup-presentations_london/git/trees/4b17e1e9a96d2fa3364310ea7faa68eb5ae1dac4,NA,dir,London,shiny
  IntroR RStudio,  IntroR RStudio,f0fb8ec3c46a0b3c9bb0ac391b2fa435d1d70817,0,https://api.github.com/repos/rladies/meetup-presentations_london_ontario/contents/2017-10-03_Intro2R-RStudio?ref=master,https://github.com/rladies/meetup-presentations_london_ontario/tree/master/2017-10-03_Intro2R-RStudio,https://api.github.com/repos/rladies/meetup-presentations_london_ontario/git/trees/f0fb8ec3c46a0b3c9bb0ac391b2fa435d1d70817,NA,dir,London_ontario,RStudio
  rmarkdown,  rmarkdown,853042d09f52cb2a4f6323404cd22e8c898e5aa3,0,https://api.github.com/repos/rladies/meetup-presentations_london_ontario/contents/2018-03-06_rmarkdown?ref=master,https://github.com/rladies/meetup-presentations_london_ontario/tree/master/2018-03-06_rmarkdown,https://api.github.com/repos/rladies/meetup-presentations_london_ontario/git/trees/853042d09f52cb2a4f6323404cd22e8c898e5aa3,NA,dir,London_ontario,rmarkdown
  Shiny,  Shiny,0b1f58b73641efabf92ffd33e33518906076ff3d,0,https://api.github.com/repos/rladies/meetup-presentations_london_ontario/contents/2018-04-03_Shiny?ref=master,https://github.com/rladies/meetup-presentations_london_ontario/tree/master/2018-04-03_Shiny,https://api.github.com/repos/rladies/meetup-presentations_london_ontario/git/trees/0b1f58b73641efabf92ffd33e33518906076ff3d,NA,dir,London_ontario,shiny
  IntroR RStudio,  IntroR RStudio,663abf853de59fc15a25b47f01122c7d421b1ed5,0,https://api.github.com/repos/rladies/meetup-presentations_london_ontario/contents/2018-09-25_Intro2R-RStudio?ref=master,https://github.com/rladies/meetup-presentations_london_ontario/tree/master/2018-09-25_Intro2R-RStudio,https://api.github.com/repos/rladies/meetup-presentations_london_ontario/git/trees/663abf853de59fc15a25b47f01122c7d421b1ed5,NA,dir,London_ontario,RStudio
  ggplot,  ggplot,7cd79998b88cc8a2d1ca061df2851cabe867d836,0,https://api.github.com/repos/rladies/meetup-presentations_london_ontario/contents/2018-10-25_ggplot?ref=master,https://github.com/rladies/meetup-presentations_london_ontario/tree/master/2018-10-25_ggplot,https://api.github.com/repos/rladies/meetup-presentations_london_ontario/git/trees/7cd79998b88cc8a2d1ca061df2851cabe867d836,NA,dir,London_ontario,ggplot
  ggmap,  ggmap,048bee9fbc03a0c5f808acc986281521122c4394,0,https://api.github.com/repos/rladies/meetup-presentations_london_ontario/contents/2019-03-28_ggmap?ref=master,https://github.com/rladies/meetup-presentations_london_ontario/tree/master/2019-03-28_ggmap,https://api.github.com/repos/rladies/meetup-presentations_london_ontario/git/trees/048bee9fbc03a0c5f808acc986281521122c4394,NA,dir,London_ontario,spatial
  IntroR RStudio,  IntroR RStudio,94e138d35b2aa488aeab41882484982949466a28,0,https://api.github.com/repos/rladies/meetup-presentations_london_ontario/contents/2019-10-01_Intro2R-RStudio?ref=master,https://github.com/rladies/meetup-presentations_london_ontario/tree/master/2019-10-01_Intro2R-RStudio,https://api.github.com/repos/rladies/meetup-presentations_london_ontario/git/trees/94e138d35b2aa488aeab41882484982949466a28,NA,dir,London_ontario,RStudio
  rmarkdown,  rmarkdown,9ecbd667f9c37200bf1c1d2638f408189e4d8e2a,0,https://api.github.com/repos/rladies/meetup-presentations_london_ontario/contents/2020-01-14_rmarkdown?ref=master,https://github.com/rladies/meetup-presentations_london_ontario/tree/master/2020-01-14_rmarkdown,https://api.github.com/repos/rladies/meetup-presentations_london_ontario/git/trees/9ecbd667f9c37200bf1c1d2638f408189e4d8e2a,NA,dir,London_ontario,rmarkdown
  shiny,  shiny,94d31c9ee2db667c06018f3b017fef4f6b6726d7,0,https://api.github.com/repos/rladies/meetup-presentations_london_ontario/contents/2020-02-11_shiny?ref=master,https://github.com/rladies/meetup-presentations_london_ontario/tree/master/2020-02-11_shiny,https://api.github.com/repos/rladies/meetup-presentations_london_ontario/git/trees/94d31c9ee2db667c06018f3b017fef4f6b6726d7,NA,dir,London_ontario,shiny
introduction R   ,introduction R   ,c6ad2a253a44f861221c3deb6894fdd1e780b08e,0,https://api.github.com/repos/rladies/meetup-presentations_loughborough/contents/introduction_R_22-04-18?ref=master,https://github.com/rladies/meetup-presentations_loughborough/tree/master/introduction_R_22-04-18,https://api.github.com/repos/rladies/meetup-presentations_loughborough/git/trees/c6ad2a253a44f861221c3deb6894fdd1e780b08e,NA,dir,Loughborough,Intro
introduction tidyverse   ,introduction tidyverse   ,2ca7a4a65b2e5281cd5d0e7dc478b44e07ebcdc5,0,https://api.github.com/repos/rladies/meetup-presentations_loughborough/contents/introduction_tidyverse_16-04-18?ref=master,https://github.com/rladies/meetup-presentations_loughborough/tree/master/introduction_tidyverse_16-04-18,https://api.github.com/repos/rladies/meetup-presentations_loughborough/git/trees/2ca7a4a65b2e5281cd5d0e7dc478b44e07ebcdc5,NA,dir,Loughborough,tidyverse
  Untidyverse with career tips,  Untidyverse with career tips,3fe99990bc7495ea2d2d3303e330886dd08c18eb,0,https://api.github.com/repos/rladies/meetup-presentations_lyon/contents/2019_04_Untidyverse_with_career_tips?ref=master,https://github.com/rladies/meetup-presentations_lyon/tree/master/2019_04_Untidyverse_with_career_tips,https://api.github.com/repos/rladies/meetup-presentations_lyon/git/trees/3fe99990bc7495ea2d2d3303e330886dd08c18eb,NA,dir,Lyon,tidyverse
  dplyr episode  rise of the vctrs,  dplyr episode  rise of the vctrs,5811574feb5b92052e2fb5be56f49083f315d07f,0,https://api.github.com/repos/rladies/meetup-presentations_lyon/contents/2019_11_dplyr_episode_9_rise_of_the_vctrs?ref=master,https://github.com/rladies/meetup-presentations_lyon/tree/master/2019_11_dplyr_episode_9_rise_of_the_vctrs,https://api.github.com/repos/rladies/meetup-presentations_lyon/git/trees/5811574feb5b92052e2fb5be56f49083f315d07f,NA,dir,Lyon,dplyr
madrid  Rmarkdown,madrid  Rmarkdown,1b061f3a11e059581cbd15ff0f742c29ccb18696,0,https://api.github.com/repos/rladies/meetup-presentations_madrid/contents/madrid_20180525_Rmarkdown?ref=master,https://github.com/rladies/meetup-presentations_madrid/tree/master/madrid_20180525_Rmarkdown,https://api.github.com/repos/rladies/meetup-presentations_madrid/git/trees/1b061f3a11e059581cbd15ff0f742c29ccb18696,NA,dir,Madrid,rmarkdown
  rmarkdown,  rmarkdown,3ca4c50c022a71f8c1d01f7d4e27efcba0f35e60,0,https://api.github.com/repos/rladies/meetup-presentations_mendoza/contents/2019-06-18-rmarkdown?ref=master,https://github.com/rladies/meetup-presentations_mendoza/tree/master/2019-06-18-rmarkdown,https://api.github.com/repos/rladies/meetup-presentations_mendoza/git/trees/3ca4c50c022a71f8c1d01f7d4e27efcba0f35e60,NA,dir,Mendoza,rmarkdown
  ggplot,  ggplot,986e0bdfc5bf81082878853ccd2585663c43e61a,0,https://api.github.com/repos/rladies/meetup-presentations_montevideo/contents/2017-11-15-ggplot2?ref=master,https://github.com/rladies/meetup-presentations_montevideo/tree/master/2017-11-15-ggplot2,https://api.github.com/repos/rladies/meetup-presentations_montevideo/git/trees/986e0bdfc5bf81082878853ccd2585663c43e61a,NA,dir,Montevideo,ggplot
  rmarkdown,  rmarkdown,ce32ded3774ae686f5a81a6cc87c9e3443f4c8be,0,https://api.github.com/repos/rladies/meetup-presentations_montevideo/contents/2018-06-07-rmarkdown?ref=master,https://github.com/rladies/meetup-presentations_montevideo/tree/master/2018-06-07-rmarkdown,https://api.github.com/repos/rladies/meetup-presentations_montevideo/git/trees/ce32ded3774ae686f5a81a6cc87c9e3443f4c8be,NA,dir,Montevideo,rmarkdown
  tidyverse,  tidyverse,96d8f88eeafb3bbcef18a203bff393d07dd0d0eb,0,https://api.github.com/repos/rladies/meetup-presentations_montevideo/contents/2018-10-23-tidyverse?ref=master,https://github.com/rladies/meetup-presentations_montevideo/tree/master/2018-10-23-tidyverse,https://api.github.com/repos/rladies/meetup-presentations_montevideo/git/trees/96d8f88eeafb3bbcef18a203bff393d07dd0d0eb,NA,dir,Montevideo,tidyverse
  shiny,  shiny,c4b1b3729938357cd63e46ee7fadd156ada2093d,0,https://api.github.com/repos/rladies/meetup-presentations_montevideo/contents/2019-05-29-shiny?ref=master,https://github.com/rladies/meetup-presentations_montevideo/tree/master/2019-05-29-shiny,https://api.github.com/repos/rladies/meetup-presentations_montevideo/git/trees/c4b1b3729938357cd63e46ee7fadd156ada2093d,NA,dir,Montevideo,shiny
 ggplot, ggplot,5e7e00398003a57473980e632457c8a0c5224a98,0,https://api.github.com/repos/rladies/meetup-presentations_montreal/contents/20180419_ggplot?ref=master,https://github.com/rladies/meetup-presentations_montreal/tree/master/20180419_ggplot,https://api.github.com/repos/rladies/meetup-presentations_montreal/git/trees/5e7e00398003a57473980e632457c8a0c5224a98,NA,dir,Montreal,ggplot
 shiny, shiny,8398c8eff033e22d09003742201ddf35301927b3,0,https://api.github.com/repos/rladies/meetup-presentations_montreal/contents/20181018_shiny?ref=master,https://github.com/rladies/meetup-presentations_montreal/tree/master/20181018_shiny,https://api.github.com/repos/rladies/meetup-presentations_montreal/git/trees/8398c8eff033e22d09003742201ddf35301927b3,NA,dir,Montreal,shiny
 dplyr, dplyr,4f5d486e5699eb5e09d1f826a2166488a84d3e5f,0,https://api.github.com/repos/rladies/meetup-presentations_montreal/contents/20190117_dplyr?ref=master,https://github.com/rladies/meetup-presentations_montreal/tree/master/20190117_dplyr,https://api.github.com/repos/rladies/meetup-presentations_montreal/git/trees/4f5d486e5699eb5e09d1f826a2166488a84d3e5f,NA,dir,Montreal,dplyr
 rladies git intro, rladies git intro,51807f9d8b5e4064ac1730ca03f3618931cbd853,0,https://api.github.com/repos/rladies/meetup-presentations_montreal/contents/20190418_rladies-git-intro?ref=master,https://github.com/cldougl/rladies-git-intro/tree/51807f9d8b5e4064ac1730ca03f3618931cbd853,https://api.github.com/repos/cldougl/rladies-git-intro/git/trees/51807f9d8b5e4064ac1730ca03f3618931cbd853,NA,file,Montreal,git
 dplyr workshop, dplyr workshop,b9c18d8c880fe9f53f55d0d28bbfec2c478ebb52,0,https://api.github.com/repos/rladies/meetup-presentations_montreal/contents/20191121_dplyr-workshop?ref=master,https://github.com/rladies/meetup-presentations_montreal/tree/master/20191121_dplyr-workshop,https://api.github.com/repos/rladies/meetup-presentations_montreal/git/trees/b9c18d8c880fe9f53f55d0d28bbfec2c478ebb52,NA,dir,Montreal,dplyr
 portfolio modelling, portfolio modelling,993f826eee0fec086201875b14ed0ac4d53c02e8,0,https://api.github.com/repos/rladies/meetup-presentations_montreal/contents/20200116_portfolio-modelling?ref=master,https://github.com/Scott-Clone/portfolio-modelling/tree/993f826eee0fec086201875b14ed0ac4d53c02e8,https://api.github.com/repos/Scott-Clone/portfolio-modelling/git/trees/993f826eee0fec086201875b14ed0ac4d53c02e8,NA,file,Montreal,Modelling
  kickoff intro,  kickoff intro,5edd7f9c42b8238fbaf5ba7bd3dd90693cf2350c,0,https://api.github.com/repos/rladies/meetup-presentations_nashville/contents/2016-11-07_kickoff-intro?ref=master,https://github.com/rladies/meetup-presentations_nashville/tree/master/2016-11-07_kickoff-intro,https://api.github.com/repos/rladies/meetup-presentations_nashville/git/trees/5edd7f9c42b8238fbaf5ba7bd3dd90693cf2350c,NA,dir,Nashville,Intro
  intro shiny,  intro shiny,85c580f670dccf8b57bf53d2f25c6cbe7814f0dc,0,https://api.github.com/repos/rladies/meetup-presentations_nashville/contents/2017-03-21_intro_shiny?ref=master,https://github.com/rladies/meetup-presentations_nashville/tree/master/2017-03-21_intro_shiny,https://api.github.com/repos/rladies/meetup-presentations_nashville/git/trees/85c580f670dccf8b57bf53d2f25c6cbe7814f0dc,NA,dir,Nashville,shiny
  intro purrr,  intro purrr,4dfe46721fff41dd97c8484cc519275e718187b0,0,https://api.github.com/repos/rladies/meetup-presentations_nashville/contents/2017-11-13_intro_purrr?ref=master,https://github.com/rladies/meetup-presentations_nashville/tree/master/2017-11-13_intro_purrr,https://api.github.com/repos/rladies/meetup-presentations_nashville/git/trees/4dfe46721fff41dd97c8484cc519275e718187b0,NA,dir,Nashville,purrr
  r package development,  r package development,bfbddfafcb9b4cc3587ebd082ad3012a78fd1d06,0,https://api.github.com/repos/rladies/meetup-presentations_nashville/contents/2019-09-16_r_package_development?ref=master,https://github.com/rladies/meetup-presentations_nashville/tree/master/2019-09-16_r_package_development,https://api.github.com/repos/rladies/meetup-presentations_nashville/git/trees/bfbddfafcb9b4cc3587ebd082ad3012a78fd1d06,NA,dir,Nashville,Package
dplyr ,dplyr ,80d1d19648c4e2e035fd6870e986ba9ae195336d,69609,https://api.github.com/repos/rladies/meetup-presentations_orlando/contents/dplyr_2.pdf?ref=master,https://github.com/rladies/meetup-presentations_orlando/blob/master/dplyr_2.pdf,https://api.github.com/repos/rladies/meetup-presentations_orlando/git/blobs/80d1d19648c4e2e035fd6870e986ba9ae195336d,https://raw.githubusercontent.com/rladies/meetup-presentations_orlando/master/dplyr_2.pdf,file,Orlando,dplyr
dplyr part,dplyr part,b4f54267765f43685382c7892b7c94a69ff5a104,5482,https://api.github.com/repos/rladies/meetup-presentations_orlando/contents/dplyr_part1.R?ref=master,https://github.com/rladies/meetup-presentations_orlando/blob/master/dplyr_part1.R,https://api.github.com/repos/rladies/meetup-presentations_orlando/git/blobs/b4f54267765f43685382c7892b7c94a69ff5a104,https://raw.githubusercontent.com/rladies/meetup-presentations_orlando/master/dplyr_part1.R,file,Orlando,dplyr
data tidying Mo,data tidying Mo,1b39e5c7872657d7a9697cbef70dbff4e46ef965,0,https://api.github.com/repos/rladies/meetup-presentations_oslo/contents/data_tidying_Mo?ref=master,https://github.com/rladies/meetup-presentations_oslo/tree/master/data_tidying_Mo,https://api.github.com/repos/rladies/meetup-presentations_oslo/git/trees/1b39e5c7872657d7a9697cbef70dbff4e46ef965,NA,dir,Oslo,tidyverse
shiny workshop,shiny workshop,85f2bb81f0e6b13bb8060c843503e6c2ab54f506,0,https://api.github.com/repos/rladies/meetup-presentations_oslo/contents/shiny-workshop?ref=master,https://github.com/rladies/meetup-presentations_oslo/tree/master/shiny-workshop,https://api.github.com/repos/rladies/meetup-presentations_oslo/git/trees/85f2bb81f0e6b13bb8060c843503e6c2ab54f506,NA,dir,Oslo,shiny
topic model,topic model,29ae1dabb79d94829851c9f5613fcccede9913c0,0,https://api.github.com/repos/rladies/meetup-presentations_oslo/contents/topic_model?ref=master,https://github.com/rladies/meetup-presentations_oslo/tree/master/topic_model,https://api.github.com/repos/rladies/meetup-presentations_oslo/git/trees/29ae1dabb79d94829851c9f5613fcccede9913c0,NA,dir,Oslo,Modelling
Introduction dplyr,Introduction dplyr,221ecb9c4e4bd20122962df7d2b780c8c342fba1,0,https://api.github.com/repos/rladies/meetup-presentations_rotterdam/contents/Introduction%20dplyr?ref=master,https://github.com/rladies/meetup-presentations_rotterdam/tree/master/Introduction%20dplyr,https://api.github.com/repos/rladies/meetup-presentations_rotterdam/git/trees/221ecb9c4e4bd20122962df7d2b780c8c342fba1,NA,dir,Rotterdam,dplyr
Introduction git,Introduction git,2b95305d86a645033456190970f15380a1fdfc9f,0,https://api.github.com/repos/rladies/meetup-presentations_rotterdam/contents/Introduction%20git?ref=master,https://github.com/rladies/meetup-presentations_rotterdam/tree/master/Introduction%20git,https://api.github.com/repos/rladies/meetup-presentations_rotterdam/git/trees/2b95305d86a645033456190970f15380a1fdfc9f,NA,dir,Rotterdam,git
Tidyverse special edition. Workshop,Tidyverse special edition. Workshop,a603229237fbdc1b91301558236d7dc2cf5e6e49,0,https://api.github.com/repos/rladies/meetup-presentations_rotterdam/contents/Tidyverse%20special%20edition.%20Workshop?ref=master,https://github.com/rladies/meetup-presentations_rotterdam/tree/master/Tidyverse%20special%20edition.%20Workshop,https://api.github.com/repos/rladies/meetup-presentations_rotterdam/git/trees/a603229237fbdc1b91301558236d7dc2cf5e6e49,NA,dir,Rotterdam,tidyverse
  data viz ggplot,  data viz ggplot,f58939d5f9276aec67302416c1e0cbc141a2268e,0,https://api.github.com/repos/rladies/meetup-presentations_rtp/contents/2016-10-15-data-viz-ggplot2?ref=master,https://github.com/rladies/meetup-presentations_rtp/tree/master/2016-10-15-data-viz-ggplot2,https://api.github.com/repos/rladies/meetup-presentations_rtp/git/trees/f58939d5f9276aec67302416c1e0cbc141a2268e,NA,dir,RTP,ggplot
  rmarkdown,  rmarkdown,0b1b52cfe6ff568c09127ed02c94343329928f53,0,https://api.github.com/repos/rladies/meetup-presentations_rtp/contents/2016-12-13-rmarkdown?ref=master,https://github.com/rladies/meetup-presentations_rtp/tree/master/2016-12-13-rmarkdown,https://api.github.com/repos/rladies/meetup-presentations_rtp/git/trees/0b1b52cfe6ff568c09127ed02c94343329928f53,NA,dir,RTP,rmarkdown
  rgitgithub,  rgitgithub,2fa02687326640ba650fd60ed6d51aa7648f7e1f,0,https://api.github.com/repos/rladies/meetup-presentations_rtp/contents/2017-02-09-rgitgithub?ref=master,https://github.com/rladies/meetup-presentations_rtp/tree/master/2017-02-09-rgitgithub,https://api.github.com/repos/rladies/meetup-presentations_rtp/git/trees/2fa02687326640ba650fd60ed6d51aa7648f7e1f,NA,dir,RTP,git
  shiny,  shiny,09562b3461a3cc8f4bcd949e1950fb7c43d7c687,0,https://api.github.com/repos/rladies/meetup-presentations_rtp/contents/2017-03-09-shiny?ref=master,https://github.com/rladies/meetup-presentations_rtp/tree/master/2017-03-09-shiny,https://api.github.com/repos/rladies/meetup-presentations_rtp/git/trees/09562b3461a3cc8f4bcd949e1950fb7c43d7c687,NA,dir,RTP,shiny
  purrr,  purrr,3880ec54852de02c383621bf0c533480349e396c,0,https://api.github.com/repos/rladies/meetup-presentations_rtp/contents/2017-10-26-purrr?ref=master,https://github.com/rladies/meetup-presentations_rtp/tree/master/2017-10-26-purrr,https://api.github.com/repos/rladies/meetup-presentations_rtp/git/trees/3880ec54852de02c383621bf0c533480349e396c,NA,dir,RTP,purrr
  ggplot,  ggplot,6f8af2af8386a5b9538d25b85122f16fce95d4e3,0,https://api.github.com/repos/rladies/meetup-presentations_rtp/contents/2019-03-06-ggplot2?ref=master,https://github.com/rladies/meetup-presentations_rtp/tree/master/2019-03-06-ggplot2,https://api.github.com/repos/rladies/meetup-presentations_rtp/git/trees/6f8af2af8386a5b9538d25b85122f16fce95d4e3,NA,dir,RTP,ggplot
  blogdown,  blogdown,38bc007818b594019de08f343d9463ac09e6d847,0,https://api.github.com/repos/rladies/meetup-presentations_rtp/contents/2019-06-27-blogdown?ref=master,https://github.com/rladies/meetup-presentations_rtp/tree/master/2019-06-27-blogdown,https://api.github.com/repos/rladies/meetup-presentations_rtp/git/trees/38bc007818b594019de08f343d9463ac09e6d847,NA,dir,RTP,blogdown
  rmarkdown,  rmarkdown,3c589f01a43fe7dab4f9d8093179c5b052d40825,0,https://api.github.com/repos/rladies/meetup-presentations_rtp/contents/2019-07-31-rmarkdown?ref=master,https://github.com/rladies/meetup-presentations_rtp/tree/master/2019-07-31-rmarkdown,https://api.github.com/repos/rladies/meetup-presentations_rtp/git/trees/3c589f01a43fe7dab4f9d8093179c5b052d40825,NA,dir,RTP,rmarkdown
  rmarkdown,  rmarkdown,bc31effdf6efd7c251eccf523ab7a53cc40d3a33,0,https://api.github.com/repos/rladies/meetup-presentations_sandiego/contents/2017-07-13_rmarkdown?ref=master,https://github.com/rladies/meetup-presentations_sandiego/tree/master/2017-07-13_rmarkdown,https://api.github.com/repos/rladies/meetup-presentations_sandiego/git/trees/bc31effdf6efd7c251eccf523ab7a53cc40d3a33,NA,dir,Sandiego,rmarkdown
  shiny,  shiny,9484eb1621cfda0298dea12038b6f54c0103e3d3,0,https://api.github.com/repos/rladies/meetup-presentations_sandiego/contents/2017-09-20_shiny?ref=master,https://github.com/rladies/meetup-presentations_sandiego/tree/master/2017-09-20_shiny,https://api.github.com/repos/rladies/meetup-presentations_sandiego/git/trees/9484eb1621cfda0298dea12038b6f54c0103e3d3,NA,dir,Sandiego,shiny
  ggplotmaps,  ggplotmaps,dd1e4c4d41f7906c7e058611f7ff8af7cafae50d,0,https://api.github.com/repos/rladies/meetup-presentations_sandiego/contents/2017-12-12_ggplot2maps?ref=master,https://github.com/rladies/meetup-presentations_sandiego/tree/master/2017-12-12_ggplot2maps,https://api.github.com/repos/rladies/meetup-presentations_sandiego/git/trees/dd1e4c4d41f7906c7e058611f7ff8af7cafae50d,NA,dir,Sandiego,spatial
  blogdown,  blogdown,64e07728c2a32b4523c31cdd781ce88f7f43c797,0,https://api.github.com/repos/rladies/meetup-presentations_sandiego/contents/2018-07-05_blogdown?ref=master,https://github.com/rladies/meetup-presentations_sandiego/tree/master/2018-07-05_blogdown,https://api.github.com/repos/rladies/meetup-presentations_sandiego/git/trees/64e07728c2a32b4523c31cdd781ce88f7f43c797,NA,dir,Sandiego,blogdown
  web scraping,  web scraping,11200475fdf5ddbd0bb7ebedeeea40210f78cfbf,0,https://api.github.com/repos/rladies/meetup-presentations_sandiego/contents/2018-10-23_web_scraping?ref=master,https://github.com/rladies/meetup-presentations_sandiego/tree/master/2018-10-23_web_scraping,https://api.github.com/repos/rladies/meetup-presentations_sandiego/git/trees/11200475fdf5ddbd0bb7ebedeeea40210f78cfbf,NA,dir,Sandiego,Web scrapping
  Shiny Katie,  Shiny Katie,f53136619d0ad21ae9da40e1dbbc79c342d550fc,0,https://api.github.com/repos/rladies/meetup-presentations_sandiego/contents/2019-05-28_Shiny-Katie?ref=master,https://github.com/rladies/meetup-presentations_sandiego/tree/master/2019-05-28_Shiny-Katie,https://api.github.com/repos/rladies/meetup-presentations_sandiego/git/trees/f53136619d0ad21ae9da40e1dbbc79c342d550fc,NA,dir,Sandiego,shiny
  Friendly introduction to writing a R Package,  Friendly introduction to writing a R Package,ff3a351ba5b9d9c0d989b4caa415d36d9e03050f,0,https://api.github.com/repos/rladies/meetup-presentations_sanfrancisco/contents/2019-02-07_Friendly_introduction_to_writing_a_R-Package?ref=master,https://github.com/rladies/meetup-presentations_sanfrancisco/tree/master/2019-02-07_Friendly_introduction_to_writing_a_R-Package,https://api.github.com/repos/rladies/meetup-presentations_sanfrancisco/git/trees/ff3a351ba5b9d9c0d989b4caa415d36d9e03050f,NA,dir,Sanfrancisco,Intro
   intro to tidyverse,   intro to tidyverse,f0f16ea0cd648e3c6ee17c3c77b6172182f7dfd2,0,https://api.github.com/repos/rladies/meetup-presentations_santabarbara/contents/2019_05_15_intro_to_tidyverse?ref=gh-pages,https://github.com/rladies/meetup-presentations_santabarbara/tree/gh-pages/2019_05_15_intro_to_tidyverse,https://api.github.com/repos/rladies/meetup-presentations_santabarbara/git/trees/f0f16ea0cd648e3c6ee17c3c77b6172182f7dfd2,NA,dir,Santabarbara,tidyverse
   shiny basics,   shiny basics,012eebd8c9373134df18c19e02ab573dfe815d0f,0,https://api.github.com/repos/rladies/meetup-presentations_santabarbara/contents/2019_10_30_shiny_basics?ref=gh-pages,https://github.com/rladies/meetup-presentations_santabarbara/tree/gh-pages/2019_10_30_shiny_basics,https://api.github.com/repos/rladies/meetup-presentations_santabarbara/git/trees/012eebd8c9373134df18c19e02ab573dfe815d0f,NA,dir,Santabarbara,shiny
R Ladies   Presentación modelos mixtos ITES,R Ladies   Presentación modelos mixtos ITES,4282d9003f8085232cd926e893548f1797b61abd,481538,https://api.github.com/repos/rladies/meetup-presentations_santarosa/contents/R-Ladies%20-%20Presentaci%C3%B3n%20modelos%20mixtos_ITES.pptx?ref=master,https://github.com/rladies/meetup-presentations_santarosa/blob/master/R-Ladies%20-%20Presentaci%C3%B3n%20modelos%20mixtos_ITES.pptx,https://api.github.com/repos/rladies/meetup-presentations_santarosa/git/blobs/4282d9003f8085232cd926e893548f1797b61abd,https://raw.githubusercontent.com/rladies/meetup-presentations_santarosa/master/R-Ladies%20-%20Presentaci%C3%B3n%20modelos%20mixtos_ITES.pptx,file,Santarosa,Modelling
   intro R,   intro R,f4507439af17bf6e58933c528c951e68bcfe057f,0,https://api.github.com/repos/rladies/meetup-presentations_sarasota/contents/2018_01_29_intro_R?ref=master,https://github.com/rladies/meetup-presentations_sarasota/tree/master/2018_01_29_intro_R,https://api.github.com/repos/rladies/meetup-presentations_sarasota/git/trees/f4507439af17bf6e58933c528c951e68bcfe057f,NA,dir,Sarasota,Intro
   Data Viz ggplot,   Data Viz ggplot,c4c5f189a7cca99fe0c2546069d3e3c358339cb5,0,https://api.github.com/repos/rladies/meetup-presentations_sarasota/contents/2018_03_26_Data_Viz_ggplot2?ref=master,https://github.com/rladies/meetup-presentations_sarasota/tree/master/2018_03_26_Data_Viz_ggplot2,https://api.github.com/repos/rladies/meetup-presentations_sarasota/git/trees/c4c5f189a7cca99fe0c2546069d3e3c358339cb5,NA,dir,Sarasota,ggplot
intro r,intro r,a6c53a472015395a1a54f0dcf9dafffa195e0852,868,https://api.github.com/repos/rladies/meetup-presentations_sarasota/contents/intro_r.Rmd?ref=master,https://github.com/rladies/meetup-presentations_sarasota/blob/master/intro_r.Rmd,https://api.github.com/repos/rladies/meetup-presentations_sarasota/git/blobs/a6c53a472015395a1a54f0dcf9dafffa195e0852,https://raw.githubusercontent.com/rladies/meetup-presentations_sarasota/master/intro_r.Rmd,file,Sarasota,Intro
Getting Started with Shiny,Getting Started with Shiny,ad97c69674e6efab84aed6cb7dd40963260ab11a,5441996,https://api.github.com/repos/rladies/meetup-presentations_stockholm/contents/Getting%20Started%20with%20Shiny.pptx?ref=master,https://github.com/rladies/meetup-presentations_stockholm/blob/master/Getting%20Started%20with%20Shiny.pptx,https://api.github.com/repos/rladies/meetup-presentations_stockholm/git/blobs/ad97c69674e6efab84aed6cb7dd40963260ab11a,https://raw.githubusercontent.com/rladies/meetup-presentations_stockholm/master/Getting%20Started%20with%20Shiny.pptx,file,Stockholm,shiny
Getting Started with Shiny.zip,Getting Started with Shiny.zip,fab1b6ab6a282f5adb5bae36ffba7955bd20062b,6149705,https://api.github.com/repos/rladies/meetup-presentations_stockholm/contents/Getting%20Started%20with%20Shiny.zip?ref=master,https://github.com/rladies/meetup-presentations_stockholm/blob/master/Getting%20Started%20with%20Shiny.zip,https://api.github.com/repos/rladies/meetup-presentations_stockholm/git/blobs/fab1b6ab6a282f5adb5bae36ffba7955bd20062b,https://raw.githubusercontent.com/rladies/meetup-presentations_stockholm/master/Getting%20Started%20with%20Shiny.zip,file,Stockholm,shiny
Ggplot.zip,Ggplot.zip,01ba633860d86f3a7bfa2199723baab8c8f5bd8e,745024,https://api.github.com/repos/rladies/meetup-presentations_stockholm/contents/Ggplot2.zip?ref=master,https://github.com/rladies/meetup-presentations_stockholm/blob/master/Ggplot2.zip,https://api.github.com/repos/rladies/meetup-presentations_stockholm/git/blobs/01ba633860d86f3a7bfa2199723baab8c8f5bd8e,https://raw.githubusercontent.com/rladies/meetup-presentations_stockholm/master/Ggplot2.zip,file,Stockholm,ggplot
R Ladies introductionToML(),R Ladies introductionToML(),57ac2ebabc62ef2853e6f29de563d9f14d3f4bf6,2233857,https://api.github.com/repos/rladies/meetup-presentations_stockholm/contents/R_Ladies_introductionToML(1).pdf?ref=master,https://github.com/rladies/meetup-presentations_stockholm/blob/master/R_Ladies_introductionToML(1).pdf,https://api.github.com/repos/rladies/meetup-presentations_stockholm/git/blobs/57ac2ebabc62ef2853e6f29de563d9f14d3f4bf6,https://raw.githubusercontent.com/rladies/meetup-presentations_stockholm/master/R_Ladies_introductionToML(1).pdf,file,Stockholm,Intro
Rmarkdown.zip,Rmarkdown.zip,032dc4a3ae561bc39f740d85abbd91b9d8024233,1894331,https://api.github.com/repos/rladies/meetup-presentations_stockholm/contents/Rmarkdown.zip?ref=master,https://github.com/rladies/meetup-presentations_stockholm/blob/master/Rmarkdown.zip,https://api.github.com/repos/rladies/meetup-presentations_stockholm/git/blobs/032dc4a3ae561bc39f740d85abbd91b9d8024233,https://raw.githubusercontent.com/rladies/meetup-presentations_stockholm/master/Rmarkdown.zip,file,Stockholm,rmarkdown
Shiny ada conference,Shiny ada conference,9728f9033e1aca7393ff2bedb9a453ac428d9631,406947,https://api.github.com/repos/rladies/meetup-presentations_stockholm/contents/Shiny%20ada%20conference.pdf?ref=master,https://github.com/rladies/meetup-presentations_stockholm/blob/master/Shiny%20ada%20conference.pdf,https://api.github.com/repos/rladies/meetup-presentations_stockholm/git/blobs/9728f9033e1aca7393ff2bedb9a453ac428d9631,https://raw.githubusercontent.com/rladies/meetup-presentations_stockholm/master/Shiny%20ada%20conference.pdf,file,Stockholm,shiny
R Ladies GitHub Presentation,R Ladies GitHub Presentation,653d5cad0f9dd59d90a28792b20e80b62fbb4443,650807,https://api.github.com/repos/rladies/meetup-presentations_tampa/contents/R%20Ladies%20GitHub%20Presentation.pptx?ref=master,https://github.com/rladies/meetup-presentations_tampa/blob/master/R%20Ladies%20GitHub%20Presentation.pptx,https://api.github.com/repos/rladies/meetup-presentations_tampa/git/blobs/653d5cad0f9dd59d90a28792b20e80b62fbb4443,https://raw.githubusercontent.com/rladies/meetup-presentations_tampa/master/R%20Ladies%20GitHub%20Presentation.pptx,file,Tampa,git
    dataviz,    dataviz,0e83ca9ebbfd5498125bea193472f5ebfc7c092e,0,https://api.github.com/repos/rladies/meetup-presentations_tbilisi/contents/2017_01_26_5_dataviz?ref=master,https://github.com/rladies/meetup-presentations_tbilisi/tree/master/2017_01_26_5_dataviz,https://api.github.com/repos/rladies/meetup-presentations_tbilisi/git/trees/0e83ca9ebbfd5498125bea193472f5ebfc7c092e,NA,dir,Tbilisi,Data Vizualization
    scraping data,    scraping data,01235bacbdd237858a06e73b1ebe060aaeb0591a,0,https://api.github.com/repos/rladies/meetup-presentations_tbilisi/contents/2017_02_09_6_scraping_data?ref=master,https://github.com/rladies/meetup-presentations_tbilisi/tree/master/2017_02_09_6_scraping_data,https://api.github.com/repos/rladies/meetup-presentations_tbilisi/git/trees/01235bacbdd237858a06e73b1ebe060aaeb0591a,NA,dir,Tbilisi,Web scrapping
   shiny,   shiny,0731cb9713b887ae1209bdecd7d93ae2f04945cd,0,https://api.github.com/repos/rladies/meetup-presentations_tbilisi/contents/2017_04_12_shiny?ref=master,https://github.com/rladies/meetup-presentations_tbilisi/tree/master/2017_04_12_shiny,https://api.github.com/repos/rladies/meetup-presentations_tbilisi/git/trees/0731cb9713b887ae1209bdecd7d93ae2f04945cd,NA,dir,Tbilisi,shiny
   Shiny,   Shiny,c6b6e7e3e4b12086b236550a0553f7b0fe8f3485,0,https://api.github.com/repos/rladies/meetup-presentations_tbilisi/contents/2017_10_18_Shiny?ref=master,https://github.com/rladies/meetup-presentations_tbilisi/tree/master/2017_10_18_Shiny,https://api.github.com/repos/rladies/meetup-presentations_tbilisi/git/trees/c6b6e7e3e4b12086b236550a0553f7b0fe8f3485,NA,dir,Tbilisi,shiny
   Machine learning,   Machine learning,2486e7b04e680637140a70ab68f98f9062c56f22,0,https://api.github.com/repos/rladies/meetup-presentations_tbilisi/contents/2017_10_23_Machine_learning?ref=master,https://github.com/rladies/meetup-presentations_tbilisi/tree/master/2017_10_23_Machine_learning,https://api.github.com/repos/rladies/meetup-presentations_tbilisi/git/trees/2486e7b04e680637140a70ab68f98f9062c56f22,NA,dir,Tbilisi,Machine learning
   CapeTown dataviz,   CapeTown dataviz,e1ffe8792a1bd77a1612028c6d01e81320bc9069,0,https://api.github.com/repos/rladies/meetup-presentations_tbilisi/contents/2017_11_04_CapeTown_dataviz?ref=master,https://github.com/rladies/meetup-presentations_tbilisi/tree/master/2017_11_04_CapeTown_dataviz,https://api.github.com/repos/rladies/meetup-presentations_tbilisi/git/trees/e1ffe8792a1bd77a1612028c6d01e81320bc9069,NA,dir,Tbilisi,Data Vizualization
   package development,   package development,34ca39b2e3baaf638f364179e65661f1132aeacd,0,https://api.github.com/repos/rladies/meetup-presentations_tbilisi/contents/2017_11_22_package_development?ref=master,https://github.com/rladies/meetup-presentations_tbilisi/tree/master/2017_11_22_package_development,https://api.github.com/repos/rladies/meetup-presentations_tbilisi/git/trees/34ca39b2e3baaf638f364179e65661f1132aeacd,NA,dir,Tbilisi,Package
   datatypes dplyr,   datatypes dplyr,5ae8a254167d6243d8861e9ef06012062742dcec,0,https://api.github.com/repos/rladies/meetup-presentations_tbilisi/contents/2017_12_14_datatypes_dplyr?ref=master,https://github.com/rladies/meetup-presentations_tbilisi/tree/master/2017_12_14_datatypes_dplyr,https://api.github.com/repos/rladies/meetup-presentations_tbilisi/git/trees/5ae8a254167d6243d8861e9ef06012062742dcec,NA,dir,Tbilisi,dplyr
r package nutsa,r package nutsa,39dcd50b85e9689c0b6d88f32f54eba264d253b8,0,https://api.github.com/repos/rladies/meetup-presentations_tbilisi/contents/r_package_nutsa?ref=master,https://github.com/rladies/meetup-presentations_tbilisi/tree/master/r_package_nutsa,https://api.github.com/repos/rladies/meetup-presentations_tbilisi/git/trees/39dcd50b85e9689c0b6d88f32f54eba264d253b8,NA,dir,Tbilisi,Package
  intro to rstudio,  intro to rstudio,1f891336fa2ea28038071f4bef3b7922f8dd6e24,11233,https://api.github.com/repos/rladies/Presentations/contents/2017-12-05-intro-to-rstudio.Rmd?ref=master,https://github.com/rladies/Presentations/blob/master/2017-12-05-intro-to-rstudio.Rmd,https://api.github.com/repos/rladies/Presentations/git/blobs/1f891336fa2ea28038071f4bef3b7922f8dd6e24,https://raw.githubusercontent.com/rladies/Presentations/master/2017-12-05-intro-to-rstudio.Rmd,file,NA,RStudio
Git and Github for the UseR,Git and Github for the UseR,c7fd84ce9af71c0dec6f9a6062c184732ad79dac,17552,https://api.github.com/repos/rladies/Presentations/contents/Git_and_Github_for_the_UseR.Rmd?ref=master,https://github.com/rladies/Presentations/blob/master/Git_and_Github_for_the_UseR.Rmd,https://api.github.com/repos/rladies/Presentations/git/blobs/c7fd84ce9af71c0dec6f9a6062c184732ad79dac,https://raw.githubusercontent.com/rladies/Presentations/master/Git_and_Github_for_the_UseR.Rmd,file,NA,git
ManipulatingData dplyr,ManipulatingData dplyr,7705a9cd1a781803d5f9b7b43ff173b766cdb10a,16398,https://api.github.com/repos/rladies/Presentations/contents/ManipulatingData_dplyr.Rmd?ref=master,https://github.com/rladies/Presentations/blob/master/ManipulatingData_dplyr.Rmd,https://api.github.com/repos/rladies/Presentations/git/blobs/7705a9cd1a781803d5f9b7b43ff173b766cdb10a,https://raw.githubusercontent.com/rladies/Presentations/master/ManipulatingData_dplyr.Rmd,file,NA,dplyr
Summer of Data Science Book Club   ggplot,Summer of Data Science Book Club   ggplot,19d39f22ce9414e664740879a632aa60de1a16f4,21565,https://api.github.com/repos/rladies/Presentations/contents/Summer%20of%20Data%20Science%20Book%20Club%20-%20ggplot2.R?ref=master,https://github.com/rladies/Presentations/blob/master/Summer%20of%20Data%20Science%20Book%20Club%20-%20ggplot2.R,https://api.github.com/repos/rladies/Presentations/git/blobs/19d39f22ce9414e664740879a632aa60de1a16f4,https://raw.githubusercontent.com/rladies/Presentations/master/Summer%20of%20Data%20Science%20Book%20Club%20-%20ggplot2.R,file,NA,ggplot
 RStudio Conf eposter, RStudio Conf eposter,9634e377b64f00364dc49abb834c90351afeeabc,0,https://api.github.com/repos/rladies/rladies_global_presentations/contents/20190116_RStudio_Conf_eposter?ref=master,https://github.com/rladies/rladies_global_presentations/tree/master/20190116_RStudio_Conf_eposter,https://api.github.com/repos/rladies/rladies_global_presentations/git/trees/9634e377b64f00364dc49abb834c90351afeeabc,NA,dir,Global_presentations,RStudio
